date;DSP;length;source;isrc;track_artist;track_name;album_title;cpline;album_release_date;days_since_release;streams
2026-02-02;UMA;Полный стрим;Другое;RUAGW2600605;Makishima;Bounce Rusty;Makishima - Bounce;℗ 2026 ROSSEL 66;2026-01-23;10;7
2026-02-02;Яндекс Музыка;0-5 сек;Медиатека;RUAGW2600605;Makishima;Bounce Rusty;Makishima - Bounce;℗ 2026 ROSSEL 66;2026-01-23;10;16
2026-02-02;Яндекс Музыка;0-5 сек;Поиск;RUAGW2600605;Makishima;Bounce Rusty;Makishima - Bounce;℗ 2026 ROSSEL 66;2026-01-23;10;1
2026-02-02;Яндекс Музыка;6-29 сек;Плейлисты;RUAGW2600605;Makishima;Bounce Rusty;Makishima - Bounce;℗ 2026 ROSSEL 66;2026-01-23;10;11
2026-02-02;Яндекс Музыка;6-29 сек;Поиск;RUAGW2600605;Makishima;Bounce Rusty;Makishima - Bounce;℗ 2026 ROSSEL 66;2026-01-23;10;1
2026-02-02;Яндекс Музыка;Полный стрим;Моя Волна;RUAGW2600605;Makishima;Bounce Rusty;Makishima - Bounce;℗ 2026 ROSSEL 66;2026-01-23;10;59
2026-02-02;UMA;Платный стрим (30+ сек);Карточка артиста;RUAGW2600605;Makishima;Bounce Rusty;Makishima - Bounce;℗ 2026 ROSSEL 66;2026-01-23;10;1
2026-02-02;КИОН Музыка;Полный стрим;Медиатека;RUAGW2600605;Makishima;Bounce Rusty;Makishima - Bounce;℗ 2026 ROSSEL 66;2026-01-23;10;1
2026-02-02;Яндекс Музыка;0-5 сек;Моя Волна;RUAGW2600605;Makishima;Bounce Rusty;Makishima - Bounce;℗ 2026 ROSSEL 66;2026-01-23;10;106
2026-02-02;КИОН Музыка;Полный стрим;Моя Волна;RUAGW2600605;Makishima;Bounce Rusty;Makishima - Bounce;℗ 2026 ROSSEL 66;2026-01-23;10;1
2026-02-02;UMA;Платный стрим (30+ сек);Популярное;RUAGW2600605;Makishima;Bounce Rusty;Makishima - Bounce;℗ 2026 ROSSEL 66;2026-01-23;10;1
2026-02-02;КИОН Музыка;6-29 сек;Моя Волна;RUAGW2600605;Makishima;Bounce Rusty;Makishima - Bounce;℗ 2026 ROSSEL 66;2026-01-23;10;2
2026-02-02;Яндекс Музыка;6-29 сек;Альбом;RUAGW2600605;Makishima;Bounce Rusty;Makishima - Bounce;℗ 2026 ROSSEL 66;2026-01-23;10;8
2026-02-02;Яндекс Музыка;6-29 сек;Медиатека;RUAGW2600605;Makishima;Bounce Rusty;Makishima - Bounce;℗ 2026 ROSSEL 66;2026-01-23;10;11
2026-02-02;Яндекс Музыка;6-29 сек;Моя Волна;RUAGW2600605;Makishima;Bounce Rusty;Makishima - Bounce;℗ 2026 ROSSEL 66;2026-01-23;10;98
2026-02-02;Яндекс Музыка;Платный стрим (30+ сек);Альбом;RUAGW2600605;Makishima;Bounce Rusty;Makishima - Bounce;℗ 2026 ROSSEL 66;2026-01-23;10;8
2026-02-02;Яндекс Музыка;Полный стрим;Альбом;RUAGW2600605;Makishima;Bounce Rusty;Makishima - Bounce;℗ 2026 ROSSEL 66;2026-01-23;10;25
2026-02-02;UMA;0-5 сек;Медиатека;RUAGW2600605;Makishima;Bounce Rusty;Makishima - Bounce;℗ 2026 ROSSEL 66;2026-01-23;10;3
2026-02-02;UMA;6-29 сек;Поиск;RUAGW2600605;Makishima;Bounce Rusty;Makishima - Bounce;℗ 2026 ROSSEL 66;2026-01-23;10;2
2026-02-02;UMA;Платный стрим (30+ сек);Поиск;RUAGW2600605;Makishima;Bounce Rusty;Makishima - Bounce;℗ 2026 ROSSEL 66;2026-01-23;10;1
2026-02-02;Яндекс Музыка;Платный стрим (30+ сек);Моя Волна;RUAGW2600605;Makishima;Bounce Rusty;Makishima - Bounce;℗ 2026 ROSSEL 66;2026-01-23;10;43
2026-02-02;КИОН Музыка;6-29 сек;Медиатека;RUAGW2600605;Makishima;Bounce Rusty;Makishima - Bounce;℗ 2026 ROSSEL 66;2026-01-23;10;1
2026-02-02;UMA;Платный стрим (30+ сек);Другое;RUAGW2600605;Makishima;Bounce Rusty;Makishima - Bounce;℗ 2026 ROSSEL 66;2026-01-23;10;2
2026-02-02;Яндекс Музыка;0-5 сек;Медиатека;FR96X2566422;MEELBRN;FULL CLIP;MEELBRN - FULL CLIP;℗ 2025 ROSSEL 66;2025-04-11;297;5
2026-02-02;Яндекс Музыка;Платный стрим (30+ сек);Моя Волна;FR96X2566422;MEELBRN;FULL CLIP;MEELBRN - FULL CLIP;℗ 2025 ROSSEL 66;2025-04-11;297;2
2026-02-02;Яндекс Музыка;Платный стрим (30+ сек);Медиатека;FR96X2566422;MEELBRN;FULL CLIP;MEELBRN - FULL CLIP;℗ 2025 ROSSEL 66;2025-04-11;297;1
2026-02-02;Яндекс Музыка;6-29 сек;Моя Волна;FR96X2566422;MEELBRN;FULL CLIP;MEELBRN - FULL CLIP;℗ 2025 ROSSEL 66;2025-04-11;297;7
2026-02-02;Яндекс Музыка;Полный стрим;Моя Волна;FR96X2566422;MEELBRN;FULL CLIP;MEELBRN - FULL CLIP;℗ 2025 ROSSEL 66;2025-04-11;297;11
2026-02-02;Яндекс Музыка;0-5 сек;Моя Волна;FR96X2566422;MEELBRN;FULL CLIP;MEELBRN - FULL CLIP;℗ 2025 ROSSEL 66;2025-04-11;297;28
2026-02-02;Яндекс Музыка;0-5 сек;Плейлисты;FR96X2566422;MEELBRN;FULL CLIP;MEELBRN - FULL CLIP;℗ 2025 ROSSEL 66;2025-04-11;297;1
2026-02-02;Яндекс Музыка;Полный стрим;Медиатека;FR96X2566422;MEELBRN;FULL CLIP;MEELBRN - FULL CLIP;℗ 2025 ROSSEL 66;2025-04-11;297;7
2026-02-02;Яндекс Музыка;6-29 сек;Альбом;FRX872531472;DRUGPY;COLD;"Drugpy;rompy - CR3SCENT";℗ 2025 ROSSEL 66;2025-08-22;164;1
2026-02-02;Яндекс Музыка;0-5 сек;Медиатека;FRX872531472;DRUGPY;COLD;"Drugpy;rompy - CR3SCENT";℗ 2025 ROSSEL 66;2025-08-22;164;1
2026-02-02;КИОН Музыка;0-5 сек;Моя Волна;RUAGW2600604;Makishima;Bounce;Makishima - Bounce;℗ 2026 ROSSEL 66;2026-01-23;10;1
2026-02-02;Яндекс Музыка;6-29 сек;Поиск;RUAGW2600604;Makishima;Bounce;Makishima - Bounce;℗ 2026 ROSSEL 66;2026-01-23;10;2
2026-02-02;UMA;Полный стрим;Альбом;RUAGW2600604;Makishima;Bounce;Makishima - Bounce;℗ 2026 ROSSEL 66;2026-01-23;10;20
2026-02-02;UMA;0-5 сек;Альбом;RUAGW2600604;Makishima;Bounce;Makishima - Bounce;℗ 2026 ROSSEL 66;2026-01-23;10;4
2026-02-02;UMA;0-5 сек;Рекомендации;RUAGW2600604;Makishima;Bounce;Makishima - Bounce;℗ 2026 ROSSEL 66;2026-01-23;10;1
2026-02-02;UMA;Платный стрим (30+ сек);Медиатека;RUAGW2600604;Makishima;Bounce;Makishima - Bounce;℗ 2026 ROSSEL 66;2026-01-23;10;8
2026-02-02;Яндекс Музыка;0-5 сек;Моя Волна;RUAGW2600604;Makishima;Bounce;Makishima - Bounce;℗ 2026 ROSSEL 66;2026-01-23;10;12
2026-02-02;Яндекс Музыка;6-29 сек;Медиатека;RUAGW2600604;Makishima;Bounce;Makishima - Bounce;℗ 2026 ROSSEL 66;2026-01-23;10;11
2026-02-02;Яндекс Музыка;Платный стрим (30+ сек);Поиск;RUAGW2600604;Makishima;Bounce;Makishima - Bounce;℗ 2026 ROSSEL 66;2026-01-23;10;4
2026-02-02;Яндекс Музыка;Полный стрим;Плейлисты;RUAGW2600604;Makishima;Bounce;Makishima - Bounce;℗ 2026 ROSSEL 66;2026-01-23;10;3
2026-02-02;UMA;6-29 сек;Другое;RUAGW2600604;Makishima;Bounce;Makishima - Bounce;℗ 2026 ROSSEL 66;2026-01-23;10;14
2026-02-02;Яндекс Музыка;Платный стрим (30+ сек);Моя Волна;RUAGW2600604;Makishima;Bounce;Makishima - Bounce;℗ 2026 ROSSEL 66;2026-01-23;10;4
2026-02-02;UMA;0-5 сек;Поиск;RUAGW2600604;Makishima;Bounce;Makishima - Bounce;℗ 2026 ROSSEL 66;2026-01-23;10;2
2026-02-02;UMA;Полный стрим;Рекомендации;RUAGW2600604;Makishima;Bounce;Makishima - Bounce;℗ 2026 ROSSEL 66;2026-01-23;10;3
2026-02-02;Яндекс Музыка;6-29 сек;Плейлисты;RUAGW2600604;Makishima;Bounce;Makishima - Bounce;℗ 2026 ROSSEL 66;2026-01-23;10;2
2026-02-02;UMA;6-29 сек;Медиатека;RUAGW2600604;Makishima;Bounce;Makishima - Bounce;℗ 2026 ROSSEL 66;2026-01-23;10;10
2026-02-02;UMA;Платный стрим (30+ сек);Другое;RUAGW2600604;Makishima;Bounce;Makishima - Bounce;℗ 2026 ROSSEL 66;2026-01-23;10;13
2026-02-02;UMA;Полный стрим;Популярное;RUAGW2600604;Makishima;Bounce;Makishima - Bounce;℗ 2026 ROSSEL 66;2026-01-23;10;2
2026-02-02;Яндекс Музыка;Полный стрим;Альбом;RUAGW2600604;Makishima;Bounce;Makishima - Bounce;℗ 2026 ROSSEL 66;2026-01-23;10;32
2026-02-02;UMA;0-5 сек;Другое;RUAGW2600604;Makishima;Bounce;Makishima - Bounce;℗ 2026 ROSSEL 66;2026-01-23;10;18
2026-02-02;UMA;6-29 сек;Альбом;RUAGW2600604;Makishima;Bounce;Makishima - Bounce;℗ 2026 ROSSEL 66;2026-01-23;10;7
2026-02-02;Яндекс Музыка;Платный стрим (30+ сек);Альбом;RUAGW2600604;Makishima;Bounce;Makishima - Bounce;℗ 2026 ROSSEL 66;2026-01-23;10;17
2026-02-02;UMA;6-29 сек;Карточка артиста;RUAGW2600604;Makishima;Bounce;Makishima - Bounce;℗ 2026 ROSSEL 66;2026-01-23;10;1
2026-02-02;UMA;Платный стрим (30+ сек);Поиск;RUAGW2600604;Makishima;Bounce;Makishima - Bounce;℗ 2026 ROSSEL 66;2026-01-23;10;3
2026-02-02;КИОН Музыка;Платный стрим (30+ сек);Моя Волна;RUAGW2600604;Makishima;Bounce;Makishima - Bounce;℗ 2026 ROSSEL 66;2026-01-23;10;1
2026-02-02;Яндекс Музыка;6-29 сек;Альбом;RUAGW2600604;Makishima;Bounce;Makishima - Bounce;℗ 2026 ROSSEL 66;2026-01-23;10;20
2026-02-02;UMA;0-5 сек;Медиатека;RUAGW2600604;Makishima;Bounce;Makishima - Bounce;℗ 2026 ROSSEL 66;2026-01-23;10;3
2026-02-02;UMA;Полный стрим;Медиатека;RUAGW2600604;Makishima;Bounce;Makishima - Bounce;℗ 2026 ROSSEL 66;2026-01-23;10;18
2026-02-02;UMA;Полный стрим;Поиск;RUAGW2600604;Makishima;Bounce;Makishima - Bounce;℗ 2026 ROSSEL 66;2026-01-23;10;4
2026-02-02;Яндекс Музыка;Платный стрим (30+ сек);Медиатека;RUAGW2600604;Makishima;Bounce;Makishima - Bounce;℗ 2026 ROSSEL 66;2026-01-23;10;29
2026-02-02;UMA;6-29 сек;Популярное;RUAGW2600604;Makishima;Bounce;Makishima - Bounce;℗ 2026 ROSSEL 66;2026-01-23;10;1
2026-02-02;КИОН Музыка;Полный стрим;Моя Волна;RUAGW2600604;Makishima;Bounce;Makishima - Bounce;℗ 2026 ROSSEL 66;2026-01-23;10;2
2026-02-02;Яндекс Музыка;6-29 сек;Моя Волна;RUAGW2600604;Makishima;Bounce;Makishima - Bounce;℗ 2026 ROSSEL 66;2026-01-23;10;12
2026-02-02;Яндекс Музыка;0-5 сек;Альбом;RUAGW2600604;Makishima;Bounce;Makishima - Bounce;℗ 2026 ROSSEL 66;2026-01-23;10;2
2026-02-02;UMA;Платный стрим (30+ сек);Карточка артиста;RUAGW2600604;Makishima;Bounce;Makishima - Bounce;℗ 2026 ROSSEL 66;2026-01-23;10;2
2026-02-02;UMA;Полный стрим;Другое;RUAGW2600604;Makishima;Bounce;Makishima - Bounce;℗ 2026 ROSSEL 66;2026-01-23;10;29
2026-02-02;Яндекс Музыка;0-5 сек;Медиатека;RUAGW2600604;Makishima;Bounce;Makishima - Bounce;℗ 2026 ROSSEL 66;2026-01-23;10;20
2026-02-02;UMA;0-5 сек;Популярное;RUAGW2600604;Makishima;Bounce;Makishima - Bounce;℗ 2026 ROSSEL 66;2026-01-23;10;3
2026-02-02;UMA;6-29 сек;Поиск;RUAGW2600604;Makishima;Bounce;Makishima - Bounce;℗ 2026 ROSSEL 66;2026-01-23;10;3
2026-02-02;Яндекс Музыка;Полный стрим;Моя Волна;RUAGW2600604;Makishima;Bounce;Makishima - Bounce;℗ 2026 ROSSEL 66;2026-01-23;10;26
2026-02-02;UMA;6-29 сек;Другое;DGA052569621;rompy;//B0G4;rompy - //RAC1DAT1ON;℗ 2025 ROSSEL 66;2025-10-10;115;1
2026-02-02;UMA;Платный стрим (30+ сек);Популярное;DGA052569621;rompy;//B0G4;rompy - //RAC1DAT1ON;℗ 2025 ROSSEL 66;2025-10-10;115;1
2026-02-02;Яндекс Музыка;Платный стрим (30+ сек);Моя Волна;DGA052569621;rompy;//B0G4;rompy - //RAC1DAT1ON;℗ 2025 ROSSEL 66;2025-10-10;115;4
2026-02-02;UMA;Платный стрим (30+ сек);Другое;DGA052569621;rompy;//B0G4;rompy - //RAC1DAT1ON;℗ 2025 ROSSEL 66;2025-10-10;115;1
2026-02-02;UMA;0-5 сек;Медиатека;DGA052569621;rompy;//B0G4;rompy - //RAC1DAT1ON;℗ 2025 ROSSEL 66;2025-10-10;115;1
2026-02-02;UMA;0-5 сек;Другое;DGA052569621;rompy;//B0G4;rompy - //RAC1DAT1ON;℗ 2025 ROSSEL 66;2025-10-10;115;3
2026-02-02;КИОН Музыка;0-5 сек;Моя Волна;DGA052569621;rompy;//B0G4;rompy - //RAC1DAT1ON;℗ 2025 ROSSEL 66;2025-10-10;115;2
2026-02-02;Яндекс Музыка;Платный стрим (30+ сек);Медиатека;DGA052569621;rompy;//B0G4;rompy - //RAC1DAT1ON;℗ 2025 ROSSEL 66;2025-10-10;115;8
2026-02-02;Яндекс Музыка;Полный стрим;Плейлисты;DGA052569621;rompy;//B0G4;rompy - //RAC1DAT1ON;℗ 2025 ROSSEL 66;2025-10-10;115;1
2026-02-02;КИОН Музыка;Полный стрим;Медиатека;DGA052569621;rompy;//B0G4;rompy - //RAC1DAT1ON;℗ 2025 ROSSEL 66;2025-10-10;115;1
2026-02-02;Яндекс Музыка;6-29 сек;Медиатека;DGA052569621;rompy;//B0G4;rompy - //RAC1DAT1ON;℗ 2025 ROSSEL 66;2025-10-10;115;9
2026-02-02;UMA;Полный стрим;Медиатека;DGA052569621;rompy;//B0G4;rompy - //RAC1DAT1ON;℗ 2025 ROSSEL 66;2025-10-10;115;2
2026-02-02;UMA;Полный стрим;Популярное;DGA052569621;rompy;//B0G4;rompy - //RAC1DAT1ON;℗ 2025 ROSSEL 66;2025-10-10;115;3
2026-02-02;UMA;6-29 сек;Популярное;DGA052569621;rompy;//B0G4;rompy - //RAC1DAT1ON;℗ 2025 ROSSEL 66;2025-10-10;115;2
2026-02-02;UMA;Полный стрим;Другое;DGA052569621;rompy;//B0G4;rompy - //RAC1DAT1ON;℗ 2025 ROSSEL 66;2025-10-10;115;5
2026-02-02;UMA;6-29 сек;Поиск;DGA052569621;rompy;//B0G4;rompy - //RAC1DAT1ON;℗ 2025 ROSSEL 66;2025-10-10;115;1
2026-02-02;Яндекс Музыка;6-29 сек;Альбом;DGA052569621;rompy;//B0G4;rompy - //RAC1DAT1ON;℗ 2025 ROSSEL 66;2025-10-10;115;1
2026-02-02;Яндекс Музыка;6-29 сек;Моя Волна;DGA052569621;rompy;//B0G4;rompy - //RAC1DAT1ON;℗ 2025 ROSSEL 66;2025-10-10;115;11
2026-02-02;UMA;6-29 сек;Медиатека;DGA052569621;rompy;//B0G4;rompy - //RAC1DAT1ON;℗ 2025 ROSSEL 66;2025-10-10;115;3
2026-02-02;Яндекс Музыка;0-5 сек;Медиатека;DGA052569621;rompy;//B0G4;rompy - //RAC1DAT1ON;℗ 2025 ROSSEL 66;2025-10-10;115;12
2026-02-02;Яндекс Музыка;Полный стрим;Моя Волна;DGA052569621;rompy;//B0G4;rompy - //RAC1DAT1ON;℗ 2025 ROSSEL 66;2025-10-10;115;28
2026-02-02;Яндекс Музыка;Платный стрим (30+ сек);Альбом;DGA052569621;rompy;//B0G4;rompy - //RAC1DAT1ON;℗ 2025 ROSSEL 66;2025-10-10;115;5
2026-02-02;UMA;0-5 сек;Карточка артиста;DGA052569621;rompy;//B0G4;rompy - //RAC1DAT1ON;℗ 2025 ROSSEL 66;2025-10-10;115;1
2026-02-02;UMA;0-5 сек;Популярное;DGA052569621;rompy;//B0G4;rompy - //RAC1DAT1ON;℗ 2025 ROSSEL 66;2025-10-10;115;2
2026-02-02;Яндекс Музыка;Полный стрим;Медиатека;DGA052569621;rompy;//B0G4;rompy - //RAC1DAT1ON;℗ 2025 ROSSEL 66;2025-10-10;115;52
2026-02-02;UMA;0-5 сек;Популярное;RUAGW2511179;rompy;//оjоги (prod. chs);"rompy;keijo! - //outlaw";℗ 2025 ROSSEL 66;2025-12-05;59;1
2026-02-02;UMA;Полный стрим;Альбом;RUAGW2511179;rompy;//оjоги (prod. chs);"rompy;keijo! - //outlaw";℗ 2025 ROSSEL 66;2025-12-05;59;2
2026-02-02;Яндекс Музыка;6-29 сек;Медиатека;RUAGW2511179;rompy;//оjоги (prod. chs);"rompy;keijo! - //outlaw";℗ 2025 ROSSEL 66;2025-12-05;59;8
2026-02-02;Яндекс Музыка;Полный стрим;Плейлисты;RUAGW2511179;rompy;//оjоги (prod. chs);"rompy;keijo! - //outlaw";℗ 2025 ROSSEL 66;2025-12-05;59;1
2026-02-02;UMA;Полный стрим;Медиатека;RUAGW2511179;rompy;//оjоги (prod. chs);"rompy;keijo! - //outlaw";℗ 2025 ROSSEL 66;2025-12-05;59;2
2026-02-02;Яндекс Музыка;Полный стрим;Медиатека;RUAGW2511179;rompy;//оjоги (prod. chs);"rompy;keijo! - //outlaw";℗ 2025 ROSSEL 66;2025-12-05;59;103
2026-02-02;КИОН Музыка;Полный стрим;Плейлисты;RUAGW2511179;rompy;//оjоги (prod. chs);"rompy;keijo! - //outlaw";℗ 2025 ROSSEL 66;2025-12-05;59;1
2026-02-02;Яндекс Музыка;Полный стрим;Альбом;RUAGW2511179;rompy;//оjоги (prod. chs);"rompy;keijo! - //outlaw";℗ 2025 ROSSEL 66;2025-12-05;59;15
2026-02-02;Яндекс Музыка;Платный стрим (30+ сек);Медиатека;RUAGW2511179;rompy;//оjоги (prod. chs);"rompy;keijo! - //outlaw";℗ 2025 ROSSEL 66;2025-12-05;59;10
2026-02-02;Яндекс Музыка;Платный стрим (30+ сек);Моя Волна;RUAGW2511179;rompy;//оjоги (prod. chs);"rompy;keijo! - //outlaw";℗ 2025 ROSSEL 66;2025-12-05;59;7
2026-02-02;КИОН Музыка;Платный стрим (30+ сек);Моя Волна;RUAGW2511179;rompy;//оjоги (prod. chs);"rompy;keijo! - //outlaw";℗ 2025 ROSSEL 66;2025-12-05;59;2
2026-02-02;Яндекс Музыка;6-29 сек;Альбом;RUAGW2511179;rompy;//оjоги (prod. chs);"rompy;keijo! - //outlaw";℗ 2025 ROSSEL 66;2025-12-05;59;4
2026-02-02;UMA;Полный стрим;Другое;RUAGW2511179;rompy;//оjоги (prod. chs);"rompy;keijo! - //outlaw";℗ 2025 ROSSEL 66;2025-12-05;59;6
2026-02-02;Яндекс Музыка;0-5 сек;Плейлисты;RUAGW2511179;rompy;//оjоги (prod. chs);"rompy;keijo! - //outlaw";℗ 2025 ROSSEL 66;2025-12-05;59;1
2026-02-02;Яндекс Музыка;Полный стрим;Моя Волна;RUAGW2511179;rompy;//оjоги (prod. chs);"rompy;keijo! - //outlaw";℗ 2025 ROSSEL 66;2025-12-05;59;40
2026-02-02;Яндекс Музыка;0-5 сек;Альбом;RUAGW2511179;rompy;//оjоги (prod. chs);"rompy;keijo! - //outlaw";℗ 2025 ROSSEL 66;2025-12-05;59;5
2026-02-02;Яндекс Музыка;0-5 сек;Моя Волна;RUAGW2511179;rompy;//оjоги (prod. chs);"rompy;keijo! - //outlaw";℗ 2025 ROSSEL 66;2025-12-05;59;20
2026-02-02;Яндекс Музыка;6-29 сек;Моя Волна;RUAGW2511179;rompy;//оjоги (prod. chs);"rompy;keijo! - //outlaw";℗ 2025 ROSSEL 66;2025-12-05;59;9
2026-02-02;UMA;0-5 сек;Альбом;RUAGW2511179;rompy;//оjоги (prod. chs);"rompy;keijo! - //outlaw";℗ 2025 ROSSEL 66;2025-12-05;59;2
2026-02-02;UMA;0-5 сек;Другое;RUAGW2511179;rompy;//оjоги (prod. chs);"rompy;keijo! - //outlaw";℗ 2025 ROSSEL 66;2025-12-05;59;1
2026-02-02;Яндекс Музыка;Платный стрим (30+ сек);Альбом;RUAGW2511179;rompy;//оjоги (prod. chs);"rompy;keijo! - //outlaw";℗ 2025 ROSSEL 66;2025-12-05;59;2
2026-02-02;Яндекс Музыка;0-5 сек;Медиатека;RUAGW2511179;rompy;//оjоги (prod. chs);"rompy;keijo! - //outlaw";℗ 2025 ROSSEL 66;2025-12-05;59;14
2026-02-02;Яндекс Музыка;0-5 сек;Альбом;RUAGW2600605;Makishima;Bounce Rusty;Makishima - Bounce;℗ 2026 ROSSEL 66;2026-01-23;10;3
2026-02-02;UMA;6-29 сек;Другое;RUAGW2600605;Makishima;Bounce Rusty;Makishima - Bounce;℗ 2026 ROSSEL 66;2026-01-23;10;3
2026-02-02;Яндекс Музыка;0-5 сек;Плейлисты;RUAGW2600605;Makishima;Bounce Rusty;Makishima - Bounce;℗ 2026 ROSSEL 66;2026-01-23;10;5
2026-02-02;UMA;Полный стрим;Популярное;RUAGW2600605;Makishima;Bounce Rusty;Makishima - Bounce;℗ 2026 ROSSEL 66;2026-01-23;10;2
2026-02-02;Яндекс Музыка;Платный стрим (30+ сек);Плейлисты;RUAGW2600605;Makishima;Bounce Rusty;Makishima - Bounce;℗ 2026 ROSSEL 66;2026-01-23;10;7
2026-02-02;Яндекс Музыка;Полный стрим;Медиатека;RUAGW2600605;Makishima;Bounce Rusty;Makishima - Bounce;℗ 2026 ROSSEL 66;2026-01-23;10;14
2026-02-02;UMA;0-5 сек;Другое;RUAGW2600605;Makishima;Bounce Rusty;Makishima - Bounce;℗ 2026 ROSSEL 66;2026-01-23;10;4
2026-02-02;UMA;Полный стрим;Альбом;RUAGW2600605;Makishima;Bounce Rusty;Makishima - Bounce;℗ 2026 ROSSEL 66;2026-01-23;10;1
2026-02-02;UMA;Полный стрим;Поиск;RUAGW2600605;Makishima;Bounce Rusty;Makishima - Bounce;℗ 2026 ROSSEL 66;2026-01-23;10;2
2026-02-02;UMA;0-5 сек;Альбом;RUAGW2600605;Makishima;Bounce Rusty;Makishima - Bounce;℗ 2026 ROSSEL 66;2026-01-23;10;3
2026-02-02;Яндекс Музыка;Платный стрим (30+ сек);Медиатека;RUAGW2600605;Makishima;Bounce Rusty;Makishima - Bounce;℗ 2026 ROSSEL 66;2026-01-23;10;11
2026-02-02;Яндекс Музыка;Полный стрим;Плейлисты;RUAGW2600605;Makishima;Bounce Rusty;Makishima - Bounce;℗ 2026 ROSSEL 66;2026-01-23;10;6
2026-02-02;UMA;6-29 сек;Альбом;RUAGW2600605;Makishima;Bounce Rusty;Makishima - Bounce;℗ 2026 ROSSEL 66;2026-01-23;10;3
2026-02-02;UMA;Полный стрим;Медиатека;RUAGW2600605;Makishima;Bounce Rusty;Makishima - Bounce;℗ 2026 ROSSEL 66;2026-01-23;10;13
2026-02-02;КИОН Музыка;0-5 сек;Моя Волна;RUAGW2600605;Makishima;Bounce Rusty;Makishima - Bounce;℗ 2026 ROSSEL 66;2026-01-23;10;1
2026-02-02;Яндекс Музыка;Платный стрим (30+ сек);Медиатека;RUAGW2511183;rompy;//дemoния (prod. xtraacid, chs);"rompy;keijo! - //outlaw";℗ 2025 ROSSEL 66;2025-12-05;59;11
2026-02-02;Яндекс Музыка;0-5 сек;Моя Волна;RUAGW2511183;rompy;//дemoния (prod. xtraacid, chs);"rompy;keijo! - //outlaw";℗ 2025 ROSSEL 66;2025-12-05;59;38
2026-02-02;КИОН Музыка;0-5 сек;Моя Волна;RUAGW2511183;rompy;//дemoния (prod. xtraacid, chs);"rompy;keijo! - //outlaw";℗ 2025 ROSSEL 66;2025-12-05;59;1
2026-02-02;КИОН Музыка;Платный стрим (30+ сек);Медиатека;RUAGW2511183;rompy;//дemoния (prod. xtraacid, chs);"rompy;keijo! - //outlaw";℗ 2025 ROSSEL 66;2025-12-05;59;1
2026-02-02;Яндекс Музыка;Полный стрим;Моя Волна;RUAGW2511183;rompy;//дemoния (prod. xtraacid, chs);"rompy;keijo! - //outlaw";℗ 2025 ROSSEL 66;2025-12-05;59;42
2026-02-02;КИОН Музыка;Платный стрим (30+ сек);Плейлисты;RUAGW2511183;rompy;//дemoния (prod. xtraacid, chs);"rompy;keijo! - //outlaw";℗ 2025 ROSSEL 66;2025-12-05;59;1
2026-02-02;Яндекс Музыка;Полный стрим;Медиатека;RUAGW2511183;rompy;//дemoния (prod. xtraacid, chs);"rompy;keijo! - //outlaw";℗ 2025 ROSSEL 66;2025-12-05;59;43
2026-02-02;UMA;Полный стрим;Медиатека;RUAGW2511183;rompy;//дemoния (prod. xtraacid, chs);"rompy;keijo! - //outlaw";℗ 2025 ROSSEL 66;2025-12-05;59;4
2026-02-02;КИОН Музыка;Платный стрим (30+ сек);Моя Волна;RUAGW2511183;rompy;//дemoния (prod. xtraacid, chs);"rompy;keijo! - //outlaw";℗ 2025 ROSSEL 66;2025-12-05;59;1
2026-02-02;Яндекс Музыка;6-29 сек;Альбом;RUAGW2511183;rompy;//дemoния (prod. xtraacid, chs);"rompy;keijo! - //outlaw";℗ 2025 ROSSEL 66;2025-12-05;59;8
2026-02-02;Яндекс Музыка;6-29 сек;Медиатека;RUAGW2511183;rompy;//дemoния (prod. xtraacid, chs);"rompy;keijo! - //outlaw";℗ 2025 ROSSEL 66;2025-12-05;59;7
2026-02-02;Яндекс Музыка;Платный стрим (30+ сек);Альбом;RUAGW2511183;rompy;//дemoния (prod. xtraacid, chs);"rompy;keijo! - //outlaw";℗ 2025 ROSSEL 66;2025-12-05;59;7
2026-02-02;UMA;Платный стрим (30+ сек);Альбом;RUAGW2511183;rompy;//дemoния (prod. xtraacid, chs);"rompy;keijo! - //outlaw";℗ 2025 ROSSEL 66;2025-12-05;59;1
2026-02-02;UMA;Платный стрим (30+ сек);Другое;RUAGW2511183;rompy;//дemoния (prod. xtraacid, chs);"rompy;keijo! - //outlaw";℗ 2025 ROSSEL 66;2025-12-05;59;1
2026-02-02;UMA;6-29 сек;Другое;RUAGW2511183;rompy;//дemoния (prod. xtraacid, chs);"rompy;keijo! - //outlaw";℗ 2025 ROSSEL 66;2025-12-05;59;1
2026-02-02;Яндекс Музыка;0-5 сек;Альбом;RUAGW2511183;rompy;//дemoния (prod. xtraacid, chs);"rompy;keijo! - //outlaw";℗ 2025 ROSSEL 66;2025-12-05;59;4
2026-02-02;UMA;0-5 сек;Другое;RUAGW2511183;rompy;//дemoния (prod. xtraacid, chs);"rompy;keijo! - //outlaw";℗ 2025 ROSSEL 66;2025-12-05;59;1
2026-02-02;UMA;6-29 сек;Альбом;RUAGW2511183;rompy;//дemoния (prod. xtraacid, chs);"rompy;keijo! - //outlaw";℗ 2025 ROSSEL 66;2025-12-05;59;1
2026-02-02;Яндекс Музыка;Платный стрим (30+ сек);Моя Волна;RUAGW2511183;rompy;//дemoния (prod. xtraacid, chs);"rompy;keijo! - //outlaw";℗ 2025 ROSSEL 66;2025-12-05;59;12
2026-02-02;Яндекс Музыка;0-5 сек;Медиатека;RUAGW2511183;rompy;//дemoния (prod. xtraacid, chs);"rompy;keijo! - //outlaw";℗ 2025 ROSSEL 66;2025-12-05;59;16
2026-02-02;UMA;0-5 сек;Медиатека;RUAGW2511183;rompy;//дemoния (prod. xtraacid, chs);"rompy;keijo! - //outlaw";℗ 2025 ROSSEL 66;2025-12-05;59;1
2026-02-02;UMA;0-5 сек;Популярное;RUAGW2511183;rompy;//дemoния (prod. xtraacid, chs);"rompy;keijo! - //outlaw";℗ 2025 ROSSEL 66;2025-12-05;59;4
2026-02-02;Яндекс Музыка;Полный стрим;Альбом;RUAGW2511183;rompy;//дemoния (prod. xtraacid, chs);"rompy;keijo! - //outlaw";℗ 2025 ROSSEL 66;2025-12-05;59;7
2026-02-02;UMA;Платный стрим (30+ сек);Рекомендации;RUAGW2511183;rompy;//дemoния (prod. xtraacid, chs);"rompy;keijo! - //outlaw";℗ 2025 ROSSEL 66;2025-12-05;59;1
2026-02-02;UMA;Полный стрим;Альбом;RUAGW2511183;rompy;//дemoния (prod. xtraacid, chs);"rompy;keijo! - //outlaw";℗ 2025 ROSSEL 66;2025-12-05;59;5
2026-02-02;UMA;Полный стрим;Другое;RUAGW2511183;rompy;//дemoния (prod. xtraacid, chs);"rompy;keijo! - //outlaw";℗ 2025 ROSSEL 66;2025-12-05;59;4
2026-02-02;Яндекс Музыка;6-29 сек;Моя Волна;RUAGW2511183;rompy;//дemoния (prod. xtraacid, chs);"rompy;keijo! - //outlaw";℗ 2025 ROSSEL 66;2025-12-05;59;16
2026-02-02;Яндекс Музыка;Платный стрим (30+ сек);Моя Волна;FRX872531473;DRUGPY & rompy;DIOR;"Drugpy;rompy - CR3SCENT";℗ 2025 ROSSEL 66;2025-08-22;164;1
2026-02-02;Яндекс Музыка;Полный стрим;Моя Волна;FRX872531473;DRUGPY & rompy;DIOR;"Drugpy;rompy - CR3SCENT";℗ 2025 ROSSEL 66;2025-08-22;164;2
2026-02-02;Яндекс Музыка;0-5 сек;Моя Волна;FRX872531473;DRUGPY & rompy;DIOR;"Drugpy;rompy - CR3SCENT";℗ 2025 ROSSEL 66;2025-08-22;164;3
2026-02-02;Яндекс Музыка;0-5 сек;Медиатека;RUAGW2511180;rompy & keijo!;//лast_пartи;"rompy;keijo! - //outlaw";℗ 2025 ROSSEL 66;2025-12-05;59;3
2026-02-02;Яндекс Музыка;Полный стрим;Моя Волна;RUAGW2511180;rompy & keijo!;//лast_пartи;"rompy;keijo! - //outlaw";℗ 2025 ROSSEL 66;2025-12-05;59;2
2026-02-02;UMA;Платный стрим (30+ сек);Медиатека;RUAGW2511180;rompy & keijo!;//лast_пartи;"rompy;keijo! - //outlaw";℗ 2025 ROSSEL 66;2025-12-05;59;1
2026-02-02;UMA;Полный стрим;Медиатека;RUAGW2511180;rompy & keijo!;//лast_пartи;"rompy;keijo! - //outlaw";℗ 2025 ROSSEL 66;2025-12-05;59;2
2026-02-02;Яндекс Музыка;Полный стрим;Альбом;RUAGW2511180;rompy & keijo!;//лast_пartи;"rompy;keijo! - //outlaw";℗ 2025 ROSSEL 66;2025-12-05;59;16
2026-02-02;UMA;Полный стрим;Популярное;RUAGW2511180;rompy & keijo!;//лast_пartи;"rompy;keijo! - //outlaw";℗ 2025 ROSSEL 66;2025-12-05;59;2
2026-02-02;Яндекс Музыка;6-29 сек;Медиатека;RUAGW2511180;rompy & keijo!;//лast_пartи;"rompy;keijo! - //outlaw";℗ 2025 ROSSEL 66;2025-12-05;59;2
2026-02-02;Яндекс Музыка;0-5 сек;Альбом;RUAGW2511180;rompy & keijo!;//лast_пartи;"rompy;keijo! - //outlaw";℗ 2025 ROSSEL 66;2025-12-05;59;4
2026-02-02;Яндекс Музыка;6-29 сек;Альбом;RUAGW2511180;rompy & keijo!;//лast_пartи;"rompy;keijo! - //outlaw";℗ 2025 ROSSEL 66;2025-12-05;59;5
2026-02-02;UMA;Полный стрим;Альбом;RUAGW2511180;rompy & keijo!;//лast_пartи;"rompy;keijo! - //outlaw";℗ 2025 ROSSEL 66;2025-12-05;59;3
2026-02-02;UMA;Полный стрим;Другое;RUAGW2511180;rompy & keijo!;//лast_пartи;"rompy;keijo! - //outlaw";℗ 2025 ROSSEL 66;2025-12-05;59;6
2026-02-02;UMA;0-5 сек;Другое;RUAGW2511180;rompy & keijo!;//лast_пartи;"rompy;keijo! - //outlaw";℗ 2025 ROSSEL 66;2025-12-05;59;1
2026-02-02;Яндекс Музыка;Платный стрим (30+ сек);Альбом;RUAGW2511180;rompy & keijo!;//лast_пartи;"rompy;keijo! - //outlaw";℗ 2025 ROSSEL 66;2025-12-05;59;3
2026-02-02;Яндекс Музыка;Платный стрим (30+ сек);Медиатека;RUAGW2511180;rompy & keijo!;//лast_пartи;"rompy;keijo! - //outlaw";℗ 2025 ROSSEL 66;2025-12-05;59;2
2026-02-02;Яндекс Музыка;Полный стрим;Медиатека;RUAGW2511180;rompy & keijo!;//лast_пartи;"rompy;keijo! - //outlaw";℗ 2025 ROSSEL 66;2025-12-05;59;9
2026-02-02;UMA;Платный стрим (30+ сек);Альбом;RUAGW2511180;rompy & keijo!;//лast_пartи;"rompy;keijo! - //outlaw";℗ 2025 ROSSEL 66;2025-12-05;59;1
2026-02-02;Яндекс Музыка;Платный стрим (30+ сек);Альбом;RUAGW2511182;rompy;//bэд_коmпanи (prod. nielyoung);"rompy;keijo! - //outlaw";℗ 2025 ROSSEL 66;2025-12-05;59;1
2026-02-02;UMA;6-29 сек;Другое;RUAGW2511182;rompy;//bэд_коmпanи (prod. nielyoung);"rompy;keijo! - //outlaw";℗ 2025 ROSSEL 66;2025-12-05;59;1
2026-02-02;Яндекс Музыка;6-29 сек;Альбом;RUAGW2600989;F1ONA;В тебя baby;F1ONA - В тебя baby;℗ 2026 ROSSEL 66;2026-01-23;10;1
2026-02-02;Яндекс Музыка;6-29 сек;Альбом;RUAGW2511178;rompy;//cry_0n_me (prod. chs, waysizz);"rompy;keijo! - //outlaw";℗ 2025 ROSSEL 66;2025-12-05;59;4
2026-02-02;UMA;0-5 сек;Другое;RUAGW2511178;rompy;//cry_0n_me (prod. chs, waysizz);"rompy;keijo! - //outlaw";℗ 2025 ROSSEL 66;2025-12-05;59;2
2026-02-02;UMA;Полный стрим;Другое;RUAGW2511178;rompy;//cry_0n_me (prod. chs, waysizz);"rompy;keijo! - //outlaw";℗ 2025 ROSSEL 66;2025-12-05;59;7
2026-02-02;КИОН Музыка;Платный стрим (30+ сек);Медиатека;RUAGW2511178;rompy;//cry_0n_me (prod. chs, waysizz);"rompy;keijo! - //outlaw";℗ 2025 ROSSEL 66;2025-12-05;59;1
2026-02-02;Яндекс Музыка;0-5 сек;Медиатека;RUAGW2511178;rompy;//cry_0n_me (prod. chs, waysizz);"rompy;keijo! - //outlaw";℗ 2025 ROSSEL 66;2025-12-05;59;5
2026-02-02;Яндекс Музыка;Полный стрим;Моя Волна;RUAGW2511178;rompy;//cry_0n_me (prod. chs, waysizz);"rompy;keijo! - //outlaw";℗ 2025 ROSSEL 66;2025-12-05;59;33
2026-02-02;КИОН Музыка;Платный стрим (30+ сек);Моя Волна;RUAGW2511178;rompy;//cry_0n_me (prod. chs, waysizz);"rompy;keijo! - //outlaw";℗ 2025 ROSSEL 66;2025-12-05;59;1
2026-02-02;Яндекс Музыка;Платный стрим (30+ сек);Плейлисты;RUAGW2511178;rompy;//cry_0n_me (prod. chs, waysizz);"rompy;keijo! - //outlaw";℗ 2025 ROSSEL 66;2025-12-05;59;1
2026-02-02;Яндекс Музыка;Платный стрим (30+ сек);Альбом;RUAGW2511178;rompy;//cry_0n_me (prod. chs, waysizz);"rompy;keijo! - //outlaw";℗ 2025 ROSSEL 66;2025-12-05;59;4
2026-02-02;UMA;6-29 сек;Альбом;RUAGW2511178;rompy;//cry_0n_me (prod. chs, waysizz);"rompy;keijo! - //outlaw";℗ 2025 ROSSEL 66;2025-12-05;59;1
2026-02-02;Яндекс Музыка;6-29 сек;Медиатека;RUAGW2511178;rompy;//cry_0n_me (prod. chs, waysizz);"rompy;keijo! - //outlaw";℗ 2025 ROSSEL 66;2025-12-05;59;4
2026-02-02;Яндекс Музыка;Платный стрим (30+ сек);Моя Волна;RUAGW2511178;rompy;//cry_0n_me (prod. chs, waysizz);"rompy;keijo! - //outlaw";℗ 2025 ROSSEL 66;2025-12-05;59;15
2026-02-02;UMA;6-29 сек;Другое;RUAGW2511178;rompy;//cry_0n_me (prod. chs, waysizz);"rompy;keijo! - //outlaw";℗ 2025 ROSSEL 66;2025-12-05;59;1
2026-02-02;Яндекс Музыка;6-29 сек;Моя Волна;RUAGW2511178;rompy;//cry_0n_me (prod. chs, waysizz);"rompy;keijo! - //outlaw";℗ 2025 ROSSEL 66;2025-12-05;59;22
2026-02-02;Яндекс Музыка;Полный стрим;Медиатека;RUAGW2511178;rompy;//cry_0n_me (prod. chs, waysizz);"rompy;keijo! - //outlaw";℗ 2025 ROSSEL 66;2025-12-05;59;46
2026-02-02;Яндекс Музыка;0-5 сек;Моя Волна;RUAGW2511178;rompy;//cry_0n_me (prod. chs, waysizz);"rompy;keijo! - //outlaw";℗ 2025 ROSSEL 66;2025-12-05;59;39
2026-02-02;UMA;Платный стрим (30+ сек);Медиатека;RUAGW2511178;rompy;//cry_0n_me (prod. chs, waysizz);"rompy;keijo! - //outlaw";℗ 2025 ROSSEL 66;2025-12-05;59;1
2026-02-02;Яндекс Музыка;0-5 сек;Поиск;RUAGW2511178;rompy;//cry_0n_me (prod. chs, waysizz);"rompy;keijo! - //outlaw";℗ 2025 ROSSEL 66;2025-12-05;59;1
2026-02-02;Яндекс Музыка;0-5 сек;Альбом;RUAGW2511178;rompy;//cry_0n_me (prod. chs, waysizz);"rompy;keijo! - //outlaw";℗ 2025 ROSSEL 66;2025-12-05;59;2
2026-02-02;Яндекс Музыка;6-29 сек;Плейлисты;RUAGW2600602;СКАЯ;космос (prod.by XSTASY & perlashes);СКАЯ - космос;℗ 2026 ROSSEL 66;2026-01-30;3;1
2026-02-02;UMA;Полный стрим;Альбом;RUAGW2600602;СКАЯ;космос (prod.by XSTASY & perlashes);СКАЯ - космос;℗ 2026 ROSSEL 66;2026-01-30;3;1
2026-02-02;Яндекс Музыка;6-29 сек;Альбом;RUAGW2600602;СКАЯ;космос (prod.by XSTASY & perlashes);СКАЯ - космос;℗ 2026 ROSSEL 66;2026-01-30;3;1
2026-02-02;Яндекс Музыка;Платный стрим (30+ сек);Альбом;RUAGW2600602;СКАЯ;космос (prod.by XSTASY & perlashes);СКАЯ - космос;℗ 2026 ROSSEL 66;2026-01-30;3;3
2026-02-02;Яндекс Музыка;Полный стрим;Медиатека;FRX872531471;DRUGPY;M0NST3R;"Drugpy;rompy - CR3SCENT";℗ 2025 ROSSEL 66;2025-08-22;164;1
2026-02-02;Яндекс Музыка;6-29 сек;Моя Волна;FRX872531471;DRUGPY;M0NST3R;"Drugpy;rompy - CR3SCENT";℗ 2025 ROSSEL 66;2025-08-22;164;1
2026-02-02;Яндекс Музыка;0-5 сек;Моя Волна;FRX872531471;DRUGPY;M0NST3R;"Drugpy;rompy - CR3SCENT";℗ 2025 ROSSEL 66;2025-08-22;164;1
2026-02-02;КИОН Музыка;6-29 сек;Медиатека;RUAGW2511181;rompy;//пнеvмония (prod. chs);"rompy;keijo! - //outlaw";℗ 2025 ROSSEL 66;2025-12-05;59;1
2026-02-02;Яндекс Музыка;Платный стрим (30+ сек);Альбом;RUAGW2511181;rompy;//пнеvмония (prod. chs);"rompy;keijo! - //outlaw";℗ 2025 ROSSEL 66;2025-12-05;59;8
2026-02-02;КИОН Музыка;6-29 сек;Моя Волна;RUAGW2511181;rompy;//пнеvмония (prod. chs);"rompy;keijo! - //outlaw";℗ 2025 ROSSEL 66;2025-12-05;59;1
2026-02-02;Яндекс Музыка;0-5 сек;Альбом;RUAGW2511181;rompy;//пнеvмония (prod. chs);"rompy;keijo! - //outlaw";℗ 2025 ROSSEL 66;2025-12-05;59;1
2026-02-02;Яндекс Музыка;Платный стрим (30+ сек);Моя Волна;RUAGW2511181;rompy;//пнеvмония (prod. chs);"rompy;keijo! - //outlaw";℗ 2025 ROSSEL 66;2025-12-05;59;5
2026-02-02;Яндекс Музыка;Полный стрим;Альбом;RUAGW2511181;rompy;//пнеvмония (prod. chs);"rompy;keijo! - //outlaw";℗ 2025 ROSSEL 66;2025-12-05;59;11
2026-02-02;Яндекс Музыка;6-29 сек;Альбом;RUAGW2511181;rompy;//пнеvмония (prod. chs);"rompy;keijo! - //outlaw";℗ 2025 ROSSEL 66;2025-12-05;59;3
2026-02-02;Яндекс Музыка;Полный стрим;Моя Волна;RUAGW2511181;rompy;//пнеvмония (prod. chs);"rompy;keijo! - //outlaw";℗ 2025 ROSSEL 66;2025-12-05;59;21
2026-02-02;Яндекс Музыка;6-29 сек;Медиатека;RUAGW2511181;rompy;//пнеvмония (prod. chs);"rompy;keijo! - //outlaw";℗ 2025 ROSSEL 66;2025-12-05;59;5
2026-02-02;Яндекс Музыка;0-5 сек;Моя Волна;RUAGW2511181;rompy;//пнеvмония (prod. chs);"rompy;keijo! - //outlaw";℗ 2025 ROSSEL 66;2025-12-05;59;9
2026-02-02;КИОН Музыка;Полный стрим;Моя Волна;RUAGW2511181;rompy;//пнеvмония (prod. chs);"rompy;keijo! - //outlaw";℗ 2025 ROSSEL 66;2025-12-05;59;4
2026-02-02;Яндекс Музыка;Платный стрим (30+ сек);Медиатека;RUAGW2511181;rompy;//пнеvмония (prod. chs);"rompy;keijo! - //outlaw";℗ 2025 ROSSEL 66;2025-12-05;59;3
2026-02-02;UMA;6-29 сек;Другое;RUAGW2511181;rompy;//пнеvмония (prod. chs);"rompy;keijo! - //outlaw";℗ 2025 ROSSEL 66;2025-12-05;59;1
2026-02-02;Яндекс Музыка;Полный стрим;Медиатека;RUAGW2511181;rompy;//пнеvмония (prod. chs);"rompy;keijo! - //outlaw";℗ 2025 ROSSEL 66;2025-12-05;59;20
2026-02-02;UMA;Платный стрим (30+ сек);Популярное;DGA052569622;rompy;//M1NVT3;rompy - //RAC1DAT1ON;℗ 2025 ROSSEL 66;2025-10-10;115;1
2026-02-02;Яндекс Музыка;Платный стрим (30+ сек);Моя Волна;DGA052569622;rompy;//M1NVT3;rompy - //RAC1DAT1ON;℗ 2025 ROSSEL 66;2025-10-10;115;20
2026-02-02;UMA;Платный стрим (30+ сек);Другое;DGA052569622;rompy;//M1NVT3;rompy - //RAC1DAT1ON;℗ 2025 ROSSEL 66;2025-10-10;115;1
2026-02-02;КИОН Музыка;Полный стрим;Медиатека;DGA052569622;rompy;//M1NVT3;rompy - //RAC1DAT1ON;℗ 2025 ROSSEL 66;2025-10-10;115;2
2026-02-02;Яндекс Музыка;0-5 сек;Альбом;DGA052569622;rompy;//M1NVT3;rompy - //RAC1DAT1ON;℗ 2025 ROSSEL 66;2025-10-10;115;4
2026-02-02;КИОН Музыка;Полный стрим;Плейлисты;DGA052569622;rompy;//M1NVT3;rompy - //RAC1DAT1ON;℗ 2025 ROSSEL 66;2025-10-10;115;1
2026-02-02;КИОН Музыка;Полный стрим;Моя Волна;DGA052569622;rompy;//M1NVT3;rompy - //RAC1DAT1ON;℗ 2025 ROSSEL 66;2025-10-10;115;2
2026-02-02;UMA;6-29 сек;Медиатека;DGA052569622;rompy;//M1NVT3;rompy - //RAC1DAT1ON;℗ 2025 ROSSEL 66;2025-10-10;115;1
2026-02-02;Яндекс Музыка;6-29 сек;Моя Волна;DGA052569622;rompy;//M1NVT3;rompy - //RAC1DAT1ON;℗ 2025 ROSSEL 66;2025-10-10;115;26
2026-02-02;Яндекс Музыка;Платный стрим (30+ сек);Альбом;DGA052569622;rompy;//M1NVT3;rompy - //RAC1DAT1ON;℗ 2025 ROSSEL 66;2025-10-10;115;2
2026-02-02;Яндекс Музыка;Полный стрим;Моя Волна;DGA052569622;rompy;//M1NVT3;rompy - //RAC1DAT1ON;℗ 2025 ROSSEL 66;2025-10-10;115;78
2026-02-02;Яндекс Музыка;Полный стрим;Поиск;DGA052569622;rompy;//M1NVT3;rompy - //RAC1DAT1ON;℗ 2025 ROSSEL 66;2025-10-10;115;1
2026-02-02;Яндекс Музыка;Полный стрим;Медиатека;DGA052569622;rompy;//M1NVT3;rompy - //RAC1DAT1ON;℗ 2025 ROSSEL 66;2025-10-10;115;77
2026-02-02;Яндекс Музыка;Полный стрим;Альбом;DGA052569622;rompy;//M1NVT3;rompy - //RAC1DAT1ON;℗ 2025 ROSSEL 66;2025-10-10;115;6
2026-02-02;UMA;0-5 сек;Популярное;DGA052569622;rompy;//M1NVT3;rompy - //RAC1DAT1ON;℗ 2025 ROSSEL 66;2025-10-10;115;1
2026-02-02;Яндекс Музыка;6-29 сек;Медиатека;DGA052569622;rompy;//M1NVT3;rompy - //RAC1DAT1ON;℗ 2025 ROSSEL 66;2025-10-10;115;14
2026-02-02;Яндекс Музыка;Платный стрим (30+ сек);Медиатека;DGA052569622;rompy;//M1NVT3;rompy - //RAC1DAT1ON;℗ 2025 ROSSEL 66;2025-10-10;115;14
2026-02-02;Яндекс Музыка;0-5 сек;Медиатека;DGA052569622;rompy;//M1NVT3;rompy - //RAC1DAT1ON;℗ 2025 ROSSEL 66;2025-10-10;115;11
2026-02-02;Яндекс Музыка;6-29 сек;Альбом;DGA052569622;rompy;//M1NVT3;rompy - //RAC1DAT1ON;℗ 2025 ROSSEL 66;2025-10-10;115;5
2026-02-02;Яндекс Музыка;0-5 сек;Моя Волна;DGA052569622;rompy;//M1NVT3;rompy - //RAC1DAT1ON;℗ 2025 ROSSEL 66;2025-10-10;115;57
2026-02-02;UMA;Платный стрим (30+ сек);Другое;RUAGW2601474;не роза;Ты рядом;не роза - Ты рядом;℗ 2026 ROSSEL 66;2026-01-30;3;2
2026-02-02;UMA;0-5 сек;Поиск;RUAGW2601474;не роза;Ты рядом;не роза - Ты рядом;℗ 2026 ROSSEL 66;2026-01-30;3;2
2026-02-02;UMA;6-29 сек;Альбом;RUAGW2601474;не роза;Ты рядом;не роза - Ты рядом;℗ 2026 ROSSEL 66;2026-01-30;3;1
2026-02-02;UMA;Полный стрим;Альбом;RUAGW2601474;не роза;Ты рядом;не роза - Ты рядом;℗ 2026 ROSSEL 66;2026-01-30;3;2
2026-02-02;UMA;6-29 сек;Поиск;RUAGW2601474;не роза;Ты рядом;не роза - Ты рядом;℗ 2026 ROSSEL 66;2026-01-30;3;4
2026-02-02;Яндекс Музыка;6-29 сек;Альбом;RUAGW2511177;rompy;//mаsка (prod. chs, rompy);"rompy;keijo! - //outlaw";℗ 2025 ROSSEL 66;2025-12-05;59;6
2026-02-02;UMA;0-5 сек;Альбом;RUAGW2511177;rompy;//mаsка (prod. chs, rompy);"rompy;keijo! - //outlaw";℗ 2025 ROSSEL 66;2025-12-05;59;4
2026-02-02;UMA;0-5 сек;Другое;RUAGW2511177;rompy;//mаsка (prod. chs, rompy);"rompy;keijo! - //outlaw";℗ 2025 ROSSEL 66;2025-12-05;59;3
2026-02-02;КИОН Музыка;0-5 сек;Моя Волна;RUAGW2511177;rompy;//mаsка (prod. chs, rompy);"rompy;keijo! - //outlaw";℗ 2025 ROSSEL 66;2025-12-05;59;1
2026-02-02;Яндекс Музыка;0-5 сек;Медиатека;RUAGW2511177;rompy;//mаsка (prod. chs, rompy);"rompy;keijo! - //outlaw";℗ 2025 ROSSEL 66;2025-12-05;59;1
2026-02-02;Яндекс Музыка;Полный стрим;Моя Волна;RUAGW2511177;rompy;//mаsка (prod. chs, rompy);"rompy;keijo! - //outlaw";℗ 2025 ROSSEL 66;2025-12-05;59;4
2026-02-02;UMA;6-29 сек;Альбом;RUAGW2511177;rompy;//mаsка (prod. chs, rompy);"rompy;keijo! - //outlaw";℗ 2025 ROSSEL 66;2025-12-05;59;1
2026-02-02;Яндекс Музыка;6-29 сек;Медиатека;RUAGW2511177;rompy;//mаsка (prod. chs, rompy);"rompy;keijo! - //outlaw";℗ 2025 ROSSEL 66;2025-12-05;59;4
2026-02-02;Яндекс Музыка;Полный стрим;Медиатека;RUAGW2511177;rompy;//mаsка (prod. chs, rompy);"rompy;keijo! - //outlaw";℗ 2025 ROSSEL 66;2025-12-05;59;8
2026-02-02;UMA;Полный стрим;Альбом;RUAGW2511177;rompy;//mаsка (prod. chs, rompy);"rompy;keijo! - //outlaw";℗ 2025 ROSSEL 66;2025-12-05;59;9
2026-02-02;Яндекс Музыка;0-5 сек;Альбом;RUAGW2511177;rompy;//mаsка (prod. chs, rompy);"rompy;keijo! - //outlaw";℗ 2025 ROSSEL 66;2025-12-05;59;3
2026-02-02;Яндекс Музыка;Платный стрим (30+ сек);Моя Волна;RUAGW2511177;rompy;//mаsка (prod. chs, rompy);"rompy;keijo! - //outlaw";℗ 2025 ROSSEL 66;2025-12-05;59;1
2026-02-02;UMA;Полный стрим;Медиатека;RUAGW2511177;rompy;//mаsка (prod. chs, rompy);"rompy;keijo! - //outlaw";℗ 2025 ROSSEL 66;2025-12-05;59;3
2026-02-02;Яндекс Музыка;Платный стрим (30+ сек);Альбом;RUAGW2511177;rompy;//mаsка (prod. chs, rompy);"rompy;keijo! - //outlaw";℗ 2025 ROSSEL 66;2025-12-05;59;1
2026-02-02;Яндекс Музыка;Полный стрим;Альбом;RUAGW2511177;rompy;//mаsка (prod. chs, rompy);"rompy;keijo! - //outlaw";℗ 2025 ROSSEL 66;2025-12-05;59;7
2026-02-02;UMA;Платный стрим (30+ сек);Медиатека;RUAGW2511177;rompy;//mаsка (prod. chs, rompy);"rompy;keijo! - //outlaw";℗ 2025 ROSSEL 66;2025-12-05;59;1
2026-02-02;UMA;Полный стрим;Другое;RUAGW2511177;rompy;//mаsка (prod. chs, rompy);"rompy;keijo! - //outlaw";℗ 2025 ROSSEL 66;2025-12-05;59;2
2026-02-02;Яндекс Музыка;Платный стрим (30+ сек);Альбом;RUAGW2511185;rompy;//turnitup (prod. whysme, reallysowdy);"rompy;keijo! - //outlaw";℗ 2025 ROSSEL 66;2025-12-05;59;1
2026-02-02;КИОН Музыка;Полный стрим;Медиатека;RUAGW2511185;rompy;//turnitup (prod. whysme, reallysowdy);"rompy;keijo! - //outlaw";℗ 2025 ROSSEL 66;2025-12-05;59;1
2026-02-02;Яндекс Музыка;6-29 сек;Медиатека;RUAGW2511185;rompy;//turnitup (prod. whysme, reallysowdy);"rompy;keijo! - //outlaw";℗ 2025 ROSSEL 66;2025-12-05;59;1
2026-02-02;UMA;0-5 сек;Альбом;RUAGW2511183;rompy;//дemoния (prod. xtraacid, chs);"rompy;keijo! - //outlaw";℗ 2025 ROSSEL 66;2025-12-05;59;1
2026-02-02;Яндекс Музыка;6-29 сек;Моя Волна;RUAGW2511181;rompy;//пнеvмония (prod. chs);"rompy;keijo! - //outlaw";℗ 2025 ROSSEL 66;2025-12-05;59;5
2026-02-02;UMA;Платный стрим (30+ сек);Альбом;RUAGW2511181;rompy;//пнеvмония (prod. chs);"rompy;keijo! - //outlaw";℗ 2025 ROSSEL 66;2025-12-05;59;1
2026-02-02;UMA;Полный стрим;Альбом;RUAGW2511181;rompy;//пнеvмония (prod. chs);"rompy;keijo! - //outlaw";℗ 2025 ROSSEL 66;2025-12-05;59;3
2026-02-02;UMA;Полный стрим;Другое;RUAGW2511181;rompy;//пнеvмония (prod. chs);"rompy;keijo! - //outlaw";℗ 2025 ROSSEL 66;2025-12-05;59;5
2026-02-02;Яндекс Музыка;0-5 сек;Медиатека;RUAGW2511181;rompy;//пнеvмония (prod. chs);"rompy;keijo! - //outlaw";℗ 2025 ROSSEL 66;2025-12-05;59;3
2026-02-02;UMA;6-29 сек;Медиатека;RUAGW2511181;rompy;//пнеvмония (prod. chs);"rompy;keijo! - //outlaw";℗ 2025 ROSSEL 66;2025-12-05;59;1
2026-02-02;UMA;0-5 сек;Альбом;RUAGW2511181;rompy;//пнеvмония (prod. chs);"rompy;keijo! - //outlaw";℗ 2025 ROSSEL 66;2025-12-05;59;3
2026-02-02;UMA;0-5 сек;Другое;RUAGW2511181;rompy;//пнеvмония (prod. chs);"rompy;keijo! - //outlaw";℗ 2025 ROSSEL 66;2025-12-05;59;1
2026-02-02;Яндекс Музыка;Платный стрим (30+ сек);Альбом;RUAGW2511187;rompy;//bоль (prod. chs);"rompy;keijo! - //outlaw";℗ 2025 ROSSEL 66;2025-12-05;59;2
2026-02-02;КИОН Музыка;Полный стрим;Медиатека;RUAGW2511187;rompy;//bоль (prod. chs);"rompy;keijo! - //outlaw";℗ 2025 ROSSEL 66;2025-12-05;59;1
2026-02-02;UMA;6-29 сек;Альбом;RUAGW2511187;rompy;//bоль (prod. chs);"rompy;keijo! - //outlaw";℗ 2025 ROSSEL 66;2025-12-05;59;1
2026-02-02;Яндекс Музыка;Полный стрим;Альбом;RUAGW2511187;rompy;//bоль (prod. chs);"rompy;keijo! - //outlaw";℗ 2025 ROSSEL 66;2025-12-05;59;6
2026-02-02;Яндекс Музыка;Полный стрим;Медиатека;RUAGW2511187;rompy;//bоль (prod. chs);"rompy;keijo! - //outlaw";℗ 2025 ROSSEL 66;2025-12-05;59;15
2026-02-02;Яндекс Музыка;0-5 сек;Медиатека;RUAGW2511187;rompy;//bоль (prod. chs);"rompy;keijo! - //outlaw";℗ 2025 ROSSEL 66;2025-12-05;59;1
2026-02-02;UMA;Платный стрим (30+ сек);Альбом;RUAGW2511187;rompy;//bоль (prod. chs);"rompy;keijo! - //outlaw";℗ 2025 ROSSEL 66;2025-12-05;59;1
2026-02-02;Яндекс Музыка;6-29 сек;Альбом;RUAGW2511187;rompy;//bоль (prod. chs);"rompy;keijo! - //outlaw";℗ 2025 ROSSEL 66;2025-12-05;59;2
2026-02-02;Яндекс Музыка;Полный стрим;Моя Волна;RUAGW2511187;rompy;//bоль (prod. chs);"rompy;keijo! - //outlaw";℗ 2025 ROSSEL 66;2025-12-05;59;1
2026-02-02;Яндекс Музыка;6-29 сек;Медиатека;RUAGW2511187;rompy;//bоль (prod. chs);"rompy;keijo! - //outlaw";℗ 2025 ROSSEL 66;2025-12-05;59;3
2026-02-02;UMA;0-5 сек;Другое;RUAGW2511187;rompy;//bоль (prod. chs);"rompy;keijo! - //outlaw";℗ 2025 ROSSEL 66;2025-12-05;59;1
2026-02-02;Яндекс Музыка;0-5 сек;Моя Волна;RUAGW2511187;rompy;//bоль (prod. chs);"rompy;keijo! - //outlaw";℗ 2025 ROSSEL 66;2025-12-05;59;1
2026-02-02;UMA;Полный стрим;Другое;RUAGW2511187;rompy;//bоль (prod. chs);"rompy;keijo! - //outlaw";℗ 2025 ROSSEL 66;2025-12-05;59;2
2026-02-02;Яндекс Музыка;6-29 сек;Альбом;RUAGW2511185;rompy;//turnitup (prod. whysme, reallysowdy);"rompy;keijo! - //outlaw";℗ 2025 ROSSEL 66;2025-12-05;59;6
2026-02-02;Яндекс Музыка;Полный стрим;Медиатека;RUAGW2511185;rompy;//turnitup (prod. whysme, reallysowdy);"rompy;keijo! - //outlaw";℗ 2025 ROSSEL 66;2025-12-05;59;14
2026-02-02;UMA;Платный стрим (30+ сек);Альбом;RUAGW2511185;rompy;//turnitup (prod. whysme, reallysowdy);"rompy;keijo! - //outlaw";℗ 2025 ROSSEL 66;2025-12-05;59;1
2026-02-02;Яндекс Музыка;6-29 сек;Моя Волна;RUAGW2511185;rompy;//turnitup (prod. whysme, reallysowdy);"rompy;keijo! - //outlaw";℗ 2025 ROSSEL 66;2025-12-05;59;2
2026-02-02;Яндекс Музыка;Платный стрим (30+ сек);Медиатека;RUAGW2511185;rompy;//turnitup (prod. whysme, reallysowdy);"rompy;keijo! - //outlaw";℗ 2025 ROSSEL 66;2025-12-05;59;1
2026-02-02;Яндекс Музыка;Полный стрим;Моя Волна;RUAGW2511185;rompy;//turnitup (prod. whysme, reallysowdy);"rompy;keijo! - //outlaw";℗ 2025 ROSSEL 66;2025-12-05;59;13
2026-02-02;Яндекс Музыка;0-5 сек;Моя Волна;RUAGW2511185;rompy;//turnitup (prod. whysme, reallysowdy);"rompy;keijo! - //outlaw";℗ 2025 ROSSEL 66;2025-12-05;59;11
2026-02-02;UMA;Полный стрим;Другое;RUAGW2511185;rompy;//turnitup (prod. whysme, reallysowdy);"rompy;keijo! - //outlaw";℗ 2025 ROSSEL 66;2025-12-05;59;2
2026-02-02;Яндекс Музыка;0-5 сек;Медиатека;RUAGW2511185;rompy;//turnitup (prod. whysme, reallysowdy);"rompy;keijo! - //outlaw";℗ 2025 ROSSEL 66;2025-12-05;59;3
2026-02-02;Яндекс Музыка;Полный стрим;Альбом;RUAGW2511185;rompy;//turnitup (prod. whysme, reallysowdy);"rompy;keijo! - //outlaw";℗ 2025 ROSSEL 66;2025-12-05;59;9
2026-02-02;Яндекс Музыка;Платный стрим (30+ сек);Моя Волна;RUAGW2511185;rompy;//turnitup (prod. whysme, reallysowdy);"rompy;keijo! - //outlaw";℗ 2025 ROSSEL 66;2025-12-05;59;3
2026-02-02;UMA;6-29 сек;Другое;RUAGW2600993;где тут шум;Так одинока (Slowed);где тут шум - Так одинока;℗ 2026 ROSSEL 66;2026-01-23;10;1
2026-02-02;UMA;6-29 сек;Другое;RUAGW2600994;где тут шум;Так одинока (Sped Up);где тут шум - Так одинока;℗ 2026 ROSSEL 66;2026-01-23;10;1
2026-02-02;Яндекс Музыка;Полный стрим;Медиатека;RUAGW2511182;rompy;//bэд_коmпanи (prod. nielyoung);"rompy;keijo! - //outlaw";℗ 2025 ROSSEL 66;2025-12-05;59;29
2026-02-02;Яндекс Музыка;0-5 сек;Альбом;RUAGW2511182;rompy;//bэд_коmпanи (prod. nielyoung);"rompy;keijo! - //outlaw";℗ 2025 ROSSEL 66;2025-12-05;59;3
2026-02-02;КИОН Музыка;0-5 сек;Моя Волна;RUAGW2511182;rompy;//bэд_коmпanи (prod. nielyoung);"rompy;keijo! - //outlaw";℗ 2025 ROSSEL 66;2025-12-05;59;1
2026-02-02;Яндекс Музыка;Платный стрим (30+ сек);Моя Волна;RUAGW2511182;rompy;//bэд_коmпanи (prod. nielyoung);"rompy;keijo! - //outlaw";℗ 2025 ROSSEL 66;2025-12-05;59;4
2026-02-02;Яндекс Музыка;Полный стрим;Моя Волна;RUAGW2511182;rompy;//bэд_коmпanи (prod. nielyoung);"rompy;keijo! - //outlaw";℗ 2025 ROSSEL 66;2025-12-05;59;18
2026-02-02;Яндекс Музыка;6-29 сек;Моя Волна;RUAGW2511182;rompy;//bэд_коmпanи (prod. nielyoung);"rompy;keijo! - //outlaw";℗ 2025 ROSSEL 66;2025-12-05;59;12
2026-02-02;UMA;Платный стрим (30+ сек);Альбом;RUAGW2511182;rompy;//bэд_коmпanи (prod. nielyoung);"rompy;keijo! - //outlaw";℗ 2025 ROSSEL 66;2025-12-05;59;1
2026-02-02;Яндекс Музыка;Полный стрим;Альбом;RUAGW2511182;rompy;//bэд_коmпanи (prod. nielyoung);"rompy;keijo! - //outlaw";℗ 2025 ROSSEL 66;2025-12-05;59;7
2026-02-02;UMA;Платный стрим (30+ сек);Медиатека;RUAGW2511182;rompy;//bэд_коmпanи (prod. nielyoung);"rompy;keijo! - //outlaw";℗ 2025 ROSSEL 66;2025-12-05;59;1
2026-02-02;Яндекс Музыка;6-29 сек;Альбом;RUAGW2511182;rompy;//bэд_коmпanи (prod. nielyoung);"rompy;keijo! - //outlaw";℗ 2025 ROSSEL 66;2025-12-05;59;6
2026-02-02;UMA;Полный стрим;Другое;RUAGW2511182;rompy;//bэд_коmпanи (prod. nielyoung);"rompy;keijo! - //outlaw";℗ 2025 ROSSEL 66;2025-12-05;59;2
2026-02-02;Яндекс Музыка;0-5 сек;Медиатека;RUAGW2511182;rompy;//bэд_коmпanи (prod. nielyoung);"rompy;keijo! - //outlaw";℗ 2025 ROSSEL 66;2025-12-05;59;6
2026-02-02;Яндекс Музыка;6-29 сек;Медиатека;RUAGW2511182;rompy;//bэд_коmпanи (prod. nielyoung);"rompy;keijo! - //outlaw";℗ 2025 ROSSEL 66;2025-12-05;59;4
2026-02-02;Яндекс Музыка;0-5 сек;Моя Волна;RUAGW2511182;rompy;//bэд_коmпanи (prod. nielyoung);"rompy;keijo! - //outlaw";℗ 2025 ROSSEL 66;2025-12-05;59;3
2026-02-02;Яндекс Музыка;Полный стрим;Плейлисты;RUAGW2511182;rompy;//bэд_коmпanи (prod. nielyoung);"rompy;keijo! - //outlaw";℗ 2025 ROSSEL 66;2025-12-05;59;1
2026-02-02;Яндекс Музыка;Платный стрим (30+ сек);Медиатека;RUAGW2511182;rompy;//bэд_коmпanи (prod. nielyoung);"rompy;keijo! - //outlaw";℗ 2025 ROSSEL 66;2025-12-05;59;6
2026-02-02;КИОН Музыка;Полный стрим;Плейлисты;RUAGW2511320;0XR;CHROME TEARS;0XR - CHROME TEARS;℗ 2025 ROSSEL 66;2025-12-12;52;1
2026-02-02;Яндекс Музыка;0-5 сек;Плейлисты;RUAGW2600604;Makishima;Bounce;Makishima - Bounce;℗ 2026 ROSSEL 66;2026-01-23;10;1
2026-02-02;КИОН Музыка;6-29 сек;Медиатека;RUAGW2600604;Makishima;Bounce;Makishima - Bounce;℗ 2026 ROSSEL 66;2026-01-23;10;2
2026-02-02;Яндекс Музыка;Полный стрим;Медиатека;RUAGW2600604;Makishima;Bounce;Makishima - Bounce;℗ 2026 ROSSEL 66;2026-01-23;10;89
2026-02-02;Яндекс Музыка;Полный стрим;Поиск;RUAGW2600604;Makishima;Bounce;Makishima - Bounce;℗ 2026 ROSSEL 66;2026-01-23;10;13
2026-02-02;UMA;Платный стрим (30+ сек);Альбом;RUAGW2600604;Makishima;Bounce;Makishima - Bounce;℗ 2026 ROSSEL 66;2026-01-23;10;9
2026-02-02;КИОН Музыка;Полный стрим;Плейлисты;RUAGW2600604;Makishima;Bounce;Makishima - Bounce;℗ 2026 ROSSEL 66;2026-01-23;10;1
2026-02-02;Яндекс Музыка;0-5 сек;Поиск;RUAGW2600604;Makishima;Bounce;Makishima - Bounce;℗ 2026 ROSSEL 66;2026-01-23;10;2
2026-02-02;UMA;Платный стрим (30+ сек);Другое;RUAGW2511663;sadaround;Not Broken;sadaround - Not Broken;℗ 2025 ROSSEL 66;2025-12-26;38;2
2026-02-02;UMA;0-5 сек;Другое;RUAGW2511663;sadaround;Not Broken;sadaround - Not Broken;℗ 2025 ROSSEL 66;2025-12-26;38;1
2026-02-02;Яндекс Музыка;Платный стрим (30+ сек);Медиатека;RUAGW2511663;sadaround;Not Broken;sadaround - Not Broken;℗ 2025 ROSSEL 66;2025-12-26;38;1
2026-02-02;UMA;Платный стрим (30+ сек);Поиск;RUAGW2511663;sadaround;Not Broken;sadaround - Not Broken;℗ 2025 ROSSEL 66;2025-12-26;38;24
2026-02-02;UMA;Полный стрим;Другое;RUAGW2511663;sadaround;Not Broken;sadaround - Not Broken;℗ 2025 ROSSEL 66;2025-12-26;38;7
2026-02-02;UMA;0-5 сек;Поиск;RUAGW2511663;sadaround;Not Broken;sadaround - Not Broken;℗ 2025 ROSSEL 66;2025-12-26;38;20
2026-02-02;Яндекс Музыка;6-29 сек;Плейлисты;RUAGW2511663;sadaround;Not Broken;sadaround - Not Broken;℗ 2025 ROSSEL 66;2025-12-26;38;1
2026-02-02;UMA;Платный стрим (30+ сек);Рекомендации;RUAGW2511663;sadaround;Not Broken;sadaround - Not Broken;℗ 2025 ROSSEL 66;2025-12-26;38;2
2026-02-02;Яндекс Музыка;6-29 сек;Медиатека;RUAGW2511663;sadaround;Not Broken;sadaround - Not Broken;℗ 2025 ROSSEL 66;2025-12-26;38;1
2026-02-02;Яндекс Музыка;Полный стрим;Плейлисты;RUAGW2511663;sadaround;Not Broken;sadaround - Not Broken;℗ 2025 ROSSEL 66;2025-12-26;38;1
2026-02-02;UMA;6-29 сек;Рекомендации;RUAGW2511663;sadaround;Not Broken;sadaround - Not Broken;℗ 2025 ROSSEL 66;2025-12-26;38;1
2026-02-02;UMA;Полный стрим;Альбом;RUAGW2511663;sadaround;Not Broken;sadaround - Not Broken;℗ 2025 ROSSEL 66;2025-12-26;38;44
2026-02-02;UMA;6-29 сек;Другое;RUAGW2511663;sadaround;Not Broken;sadaround - Not Broken;℗ 2025 ROSSEL 66;2025-12-26;38;2
2026-02-02;UMA;0-5 сек;Рекомендации;RUAGW2511663;sadaround;Not Broken;sadaround - Not Broken;℗ 2025 ROSSEL 66;2025-12-26;38;1
2026-02-02;UMA;6-29 сек;Карточка артиста;RUAGW2511663;sadaround;Not Broken;sadaround - Not Broken;℗ 2025 ROSSEL 66;2025-12-26;38;1
2026-02-02;UMA;0-5 сек;Альбом;RUAGW2511663;sadaround;Not Broken;sadaround - Not Broken;℗ 2025 ROSSEL 66;2025-12-26;38;4
2026-02-02;UMA;6-29 сек;Альбом;RUAGW2511663;sadaround;Not Broken;sadaround - Not Broken;℗ 2025 ROSSEL 66;2025-12-26;38;3
2026-02-02;Яндекс Музыка;0-5 сек;Моя Волна;RUAGW2511798;W.1ce3 & Sobaby;Tonight;"W.1ce3;Sobaby - Tonight";℗ 2025 ROSSEL 66;2025-12-26;38;1
2026-02-02;Яндекс Музыка;0-5 сек;Альбом;RUAGW2511798;W.1ce3 & Sobaby;Tonight;"W.1ce3;Sobaby - Tonight";℗ 2025 ROSSEL 66;2025-12-26;38;1
2026-02-02;UMA;0-5 сек;Поиск;RUAGW2511798;W.1ce3 & Sobaby;Tonight;"W.1ce3;Sobaby - Tonight";℗ 2025 ROSSEL 66;2025-12-26;38;3
2026-02-02;Яндекс Музыка;0-5 сек;Медиатека;RUAGW2511798;W.1ce3 & Sobaby;Tonight;"W.1ce3;Sobaby - Tonight";℗ 2025 ROSSEL 66;2025-12-26;38;1
2026-02-02;UMA;0-5 сек;Рекомендации;RUAGW2511798;W.1ce3 & Sobaby;Tonight;"W.1ce3;Sobaby - Tonight";℗ 2025 ROSSEL 66;2025-12-26;38;1
2026-02-02;Яндекс Музыка;0-5 сек;Альбом;RUAGW2511186;rompy;//g0rekи (prod. chs);"rompy;keijo! - //outlaw";℗ 2025 ROSSEL 66;2025-12-05;59;1
2026-02-02;КИОН Музыка;Полный стрим;Медиатека;RUAGW2511186;rompy;//g0rekи (prod. chs);"rompy;keijo! - //outlaw";℗ 2025 ROSSEL 66;2025-12-05;59;1
2026-02-02;UMA;Платный стрим (30+ сек);Альбом;RUAGW2511186;rompy;//g0rekи (prod. chs);"rompy;keijo! - //outlaw";℗ 2025 ROSSEL 66;2025-12-05;59;1
2026-02-02;Яндекс Музыка;6-29 сек;Медиатека;RUAGW2511186;rompy;//g0rekи (prod. chs);"rompy;keijo! - //outlaw";℗ 2025 ROSSEL 66;2025-12-05;59;2
2026-02-02;Яндекс Музыка;6-29 сек;Альбом;RUAGW2511186;rompy;//g0rekи (prod. chs);"rompy;keijo! - //outlaw";℗ 2025 ROSSEL 66;2025-12-05;59;6
2026-02-02;Яндекс Музыка;Полный стрим;Медиатека;RUAGW2511186;rompy;//g0rekи (prod. chs);"rompy;keijo! - //outlaw";℗ 2025 ROSSEL 66;2025-12-05;59;4
2026-02-02;Яндекс Музыка;Полный стрим;Альбом;RUAGW2511186;rompy;//g0rekи (prod. chs);"rompy;keijo! - //outlaw";℗ 2025 ROSSEL 66;2025-12-05;59;3
2026-02-02;Яндекс Музыка;Платный стрим (30+ сек);Моя Волна;RUAGW2511186;rompy;//g0rekи (prod. chs);"rompy;keijo! - //outlaw";℗ 2025 ROSSEL 66;2025-12-05;59;2
2026-02-02;Яндекс Музыка;6-29 сек;Моя Волна;RUAGW2511186;rompy;//g0rekи (prod. chs);"rompy;keijo! - //outlaw";℗ 2025 ROSSEL 66;2025-12-05;59;3
2026-02-02;Яндекс Музыка;Платный стрим (30+ сек);Медиатека;RUAGW2511186;rompy;//g0rekи (prod. chs);"rompy;keijo! - //outlaw";℗ 2025 ROSSEL 66;2025-12-05;59;1
2026-02-02;Яндекс Музыка;Полный стрим;Моя Волна;RUAGW2511186;rompy;//g0rekи (prod. chs);"rompy;keijo! - //outlaw";℗ 2025 ROSSEL 66;2025-12-05;59;11
2026-02-02;Яндекс Музыка;0-5 сек;Моя Волна;RUAGW2511186;rompy;//g0rekи (prod. chs);"rompy;keijo! - //outlaw";℗ 2025 ROSSEL 66;2025-12-05;59;3
2026-02-02;UMA;Полный стрим;Альбом;RUAGW2511186;rompy;//g0rekи (prod. chs);"rompy;keijo! - //outlaw";℗ 2025 ROSSEL 66;2025-12-05;59;2
2026-02-02;UMA;Полный стрим;Другое;RUAGW2511186;rompy;//g0rekи (prod. chs);"rompy;keijo! - //outlaw";℗ 2025 ROSSEL 66;2025-12-05;59;1
2026-02-02;Яндекс Музыка;0-5 сек;Медиатека;RUAGW2511186;rompy;//g0rekи (prod. chs);"rompy;keijo! - //outlaw";℗ 2025 ROSSEL 66;2025-12-05;59;2
2026-02-02;Яндекс Музыка;Полный стрим;Моя Волна;RUAGW2511910;d3li;SH4KE/Going Crazy (prod.by AMORY);d3li - SH4KE/Going Crazy;℗ 2025 ROSSEL 66;2025-12-26;38;1
2026-02-02;Яндекс Музыка;Платный стрим (30+ сек);Медиатека;RUAGW2511178;rompy;//cry_0n_me (prod. chs, waysizz);"rompy;keijo! - //outlaw";℗ 2025 ROSSEL 66;2025-12-05;59;17
2026-02-02;UMA;Полный стрим;Альбом;RUAGW2511178;rompy;//cry_0n_me (prod. chs, waysizz);"rompy;keijo! - //outlaw";℗ 2025 ROSSEL 66;2025-12-05;59;4
2026-02-02;UMA;Платный стрим (30+ сек);Альбом;RUAGW2511178;rompy;//cry_0n_me (prod. chs, waysizz);"rompy;keijo! - //outlaw";℗ 2025 ROSSEL 66;2025-12-05;59;1
2026-02-02;UMA;Полный стрим;Медиатека;RUAGW2511178;rompy;//cry_0n_me (prod. chs, waysizz);"rompy;keijo! - //outlaw";℗ 2025 ROSSEL 66;2025-12-05;59;2
2026-02-02;КИОН Музыка;0-5 сек;Моя Волна;RUAGW2511178;rompy;//cry_0n_me (prod. chs, waysizz);"rompy;keijo! - //outlaw";℗ 2025 ROSSEL 66;2025-12-05;59;2
2026-02-02;Яндекс Музыка;Полный стрим;Альбом;RUAGW2511178;rompy;//cry_0n_me (prod. chs, waysizz);"rompy;keijo! - //outlaw";℗ 2025 ROSSEL 66;2025-12-05;59;12
2026-02-02;Яндекс Музыка;0-5 сек;Моя Волна;DGA052569621;rompy;//B0G4;rompy - //RAC1DAT1ON;℗ 2025 ROSSEL 66;2025-10-10;115;18
2026-02-02;Яндекс Музыка;Полный стрим;Альбом;DGA052569621;rompy;//B0G4;rompy - //RAC1DAT1ON;℗ 2025 ROSSEL 66;2025-10-10;115;3
2026-02-02;Яндекс Музыка;Платный стрим (30+ сек);Альбом;RUAGW2511184;rompy;//лонdон (prod. degsterr & shrpboyyy);"rompy;keijo! - //outlaw";℗ 2025 ROSSEL 66;2025-12-05;59;4
2026-02-02;КИОН Музыка;Полный стрим;Медиатека;RUAGW2511184;rompy;//лонdон (prod. degsterr & shrpboyyy);"rompy;keijo! - //outlaw";℗ 2025 ROSSEL 66;2025-12-05;59;1
2026-02-02;Яндекс Музыка;6-29 сек;Медиатека;RUAGW2511184;rompy;//лонdон (prod. degsterr & shrpboyyy);"rompy;keijo! - //outlaw";℗ 2025 ROSSEL 66;2025-12-05;59;6
2026-02-02;UMA;0-5 сек;Другое;RUAGW2511184;rompy;//лонdон (prod. degsterr & shrpboyyy);"rompy;keijo! - //outlaw";℗ 2025 ROSSEL 66;2025-12-05;59;1
2026-02-02;Яндекс Музыка;6-29 сек;Альбом;RUAGW2511184;rompy;//лонdон (prod. degsterr & shrpboyyy);"rompy;keijo! - //outlaw";℗ 2025 ROSSEL 66;2025-12-05;59;3
2026-02-02;Яндекс Музыка;Полный стрим;Моя Волна;RUAGW2511184;rompy;//лонdон (prod. degsterr & shrpboyyy);"rompy;keijo! - //outlaw";℗ 2025 ROSSEL 66;2025-12-05;59;16
2026-02-02;Яндекс Музыка;6-29 сек;Поиск;RUAGW2511184;rompy;//лонdон (prod. degsterr & shrpboyyy);"rompy;keijo! - //outlaw";℗ 2025 ROSSEL 66;2025-12-05;59;1
2026-02-02;Яндекс Музыка;Полный стрим;Медиатека;RUAGW2511184;rompy;//лонdон (prod. degsterr & shrpboyyy);"rompy;keijo! - //outlaw";℗ 2025 ROSSEL 66;2025-12-05;59;9
2026-02-02;UMA;Платный стрим (30+ сек);Альбом;RUAGW2511184;rompy;//лонdон (prod. degsterr & shrpboyyy);"rompy;keijo! - //outlaw";℗ 2025 ROSSEL 66;2025-12-05;59;2
2026-02-02;Яндекс Музыка;Платный стрим (30+ сек);Моя Волна;RUAGW2511184;rompy;//лонdон (prod. degsterr & shrpboyyy);"rompy;keijo! - //outlaw";℗ 2025 ROSSEL 66;2025-12-05;59;2
2026-02-02;Яндекс Музыка;Полный стрим;Альбом;RUAGW2511184;rompy;//лонdон (prod. degsterr & shrpboyyy);"rompy;keijo! - //outlaw";℗ 2025 ROSSEL 66;2025-12-05;59;7
2026-02-02;Яндекс Музыка;6-29 сек;Моя Волна;RUAGW2511184;rompy;//лонdон (prod. degsterr & shrpboyyy);"rompy;keijo! - //outlaw";℗ 2025 ROSSEL 66;2025-12-05;59;4
2026-02-02;Яндекс Музыка;Платный стрим (30+ сек);Медиатека;RUAGW2511184;rompy;//лонdон (prod. degsterr & shrpboyyy);"rompy;keijo! - //outlaw";℗ 2025 ROSSEL 66;2025-12-05;59;5
2026-02-02;Яндекс Музыка;0-5 сек;Моя Волна;RUAGW2511184;rompy;//лонdон (prod. degsterr & shrpboyyy);"rompy;keijo! - //outlaw";℗ 2025 ROSSEL 66;2025-12-05;59;3
2026-02-02;Яндекс Музыка;0-5 сек;Медиатека;RUAGW2511184;rompy;//лонdон (prod. degsterr & shrpboyyy);"rompy;keijo! - //outlaw";℗ 2025 ROSSEL 66;2025-12-05;59;3
2026-02-02;Яндекс Музыка;0-5 сек;Моя Волна;DGA052570096;0XR;SOULFLARE;0XR - SOULFLARE;℗ 2025 ROSSEL 66;2025-10-03;122;7
2026-02-02;КИОН Музыка;0-5 сек;Моя Волна;DGA052570096;0XR;SOULFLARE;0XR - SOULFLARE;℗ 2025 ROSSEL 66;2025-10-03;122;1
2026-02-02;Яндекс Музыка;Полный стрим;Моя Волна;DGA052570096;0XR;SOULFLARE;0XR - SOULFLARE;℗ 2025 ROSSEL 66;2025-10-03;122;5
2026-02-02;Яндекс Музыка;6-29 сек;Моя Волна;DGA052570096;0XR;SOULFLARE;0XR - SOULFLARE;℗ 2025 ROSSEL 66;2025-10-03;122;1
2026-02-02;UMA;Полный стрим;Другое;RUAGW2601378;nedodelok;мув;nedodelok - мув;℗ 2026 ROSSEL 66;2026-01-30;3;2
2026-02-02;Яндекс Музыка;0-5 сек;Поиск;RUAGW2601378;nedodelok;мув;nedodelok - мув;℗ 2026 ROSSEL 66;2026-01-30;3;1
2026-02-02;Яндекс Музыка;Платный стрим (30+ сек);Медиатека;RUAGW2601378;nedodelok;мув;nedodelok - мув;℗ 2026 ROSSEL 66;2026-01-30;3;1
2026-02-02;UMA;Полный стрим;Медиатека;RUAGW2601378;nedodelok;мув;nedodelok - мув;℗ 2026 ROSSEL 66;2026-01-30;3;1
